{
  "train_loss": [
    4.125597046949795, 3.241198476541634, 2.6257069090729406, 2.235491961838703,
    1.96880411384224, 1.7994345672027363, 1.668945859075222, 1.570209320268762,
    1.4956311098877202, 1.4449101267923397, 1.4003006120417916,
    1.361704819368586, 1.3343046761994126, 1.3109345534283356,
    1.287303363005488, 1.2661041184362918, 1.252796508820281,
    1.2378295577566878, 1.2279421994275754, 1.212795818871656,
    1.203378598755491, 1.1914479293818208, 1.168287821656925,
    1.1662673611575471, 1.160367171703951, 1.1640145051378634,
    1.1514855800737422, 1.1364535802017421, 1.1314516363325189,
    1.130301595111835, 1.1287477079389465, 1.132629913035013,
    1.1280602795773096, 1.1180026568669075, 1.1057144671584132,
    1.1111817339783359, 1.1173959229035262, 1.1024955261848797,
    1.101372322002711, 1.0956663718759825, 1.1018383970608052,
    1.0902006923208267, 1.083559168618735, 1.096607825351995,
    1.0784898259634705, 1.0841785985917451, 1.0776945149885941,
    1.072988118610513, 1.0730104283709965, 1.0670450787043244,
    1.0734693801390458, 1.0689556802905222, 1.0758695610599256,
    1.0631935410162212, 1.0682065515860584, 1.0591138802397968,
    1.0604440509140052, 1.0621127219361262, 1.058054667339909,
    1.0542585772030457
  ],
  "train_acc": [
    26.996699669966997, 54.914191419141915, 60.67326732673267,
    63.412541254125415, 64.89438943894389, 65.66006600660066, 66.68316831683168,
    67.2112211221122, 67.85808580858085, 68.0957095709571, 68.2904290429043,
    68.67326732673267, 68.81848184818482, 69.22442244224422, 69.5049504950495,
    69.7887788778878, 69.54125412541254, 69.92079207920793, 69.8085808580858,
    70.11221122112211, 70.26072607260726, 70.4983498349835, 70.7887788778878,
    70.91089108910892, 70.84818481848185, 70.85478547854785, 71.18811881188118,
    71.3069306930693, 71.3993399339934, 71.42574257425743, 71.54455445544555,
    71.34653465346534, 71.0924092409241, 71.28052805280528, 71.87788778877888,
    71.79207920792079, 71.59075907590758, 71.72607260726073, 71.93069306930693,
    72.04290429042905, 72.0, 72.07260726072607, 72.39603960396039,
    71.83828382838284, 72.31683168316832, 72.21452145214522, 72.05940594059406,
    72.43234323432343, 72.39273927392739, 72.44554455445545, 72.51155115511551,
    72.6006600660066, 72.46534653465346, 72.54785478547855, 72.50825082508251,
    72.23432343234323, 72.66336633663366, 72.48184818481849, 72.72607260726073,
    72.63036303630363
  ],
  "test_loss": [
    3.382263145114802, 2.471672512307952, 1.878482463616359, 1.5017174535159823,
    1.2568097586118723, 1.0909875578518156, 0.975247331812412,
    0.8900808697637124, 0.8270690850441969, 0.7764887822956978,
    0.7383377929277057, 0.7077936732882186, 0.6811345410120638,
    0.6599961143882969, 0.6412252998804744, 0.6260396866481516,
    0.612561433187014, 0.6014998633461662, 0.5913184303082998,
    0.582118046528931, 0.5741345375493357, 0.566559649013643,
    0.5598344909899597, 0.5547533503061608, 0.5481957896506484,
    0.5439615624992153, 0.5393824486792842, 0.5353745451267762,
    0.5320310752508761, 0.5275248798860025, 0.5239058005375953,
    0.5204496825514715, 0.5184232476108437, 0.5150697358141217,
    0.5137714167844646, 0.510966714424423, 0.5080346834338918,
    0.5059033702540247, 0.5049026619312884, 0.503001738622596,
    0.5011982713130456, 0.4991999616539931, 0.49775117333931257,
    0.49642199093971073, 0.49469033407070967, 0.4941432412383677,
    0.49270418380634695, 0.490891381202242, 0.4894189163099361,
    0.4887303726959832, 0.48693707712654827, 0.48673218865937823,
    0.4853128730496274, 0.48458951659783533, 0.48353023586582533,
    0.4832367927920592, 0.4829021158946466, 0.4815458163996286,
    0.4801140383498955, 0.47957959488222873
  ],
  "test_acc": [
    68.46534653465346, 76.44554455445545, 79.26732673267327, 81.17821782178218,
    82.13861386138613, 83.20792079207921, 83.65346534653466, 84.14851485148515,
    84.25742574257426, 84.78217821782178, 84.9009900990099, 84.96039603960396,
    85.26732673267327, 85.41584158415841, 85.64356435643565, 85.6930693069307,
    85.85148514851485, 85.83168316831683, 85.87128712871286, 86.05940594059406,
    86.14851485148515, 86.11881188118812, 86.20792079207921, 86.22772277227723,
    86.32673267326733, 86.37623762376238, 86.31683168316832, 86.35643564356435,
    86.48514851485149, 86.56435643564356, 86.55445544554455, 86.64356435643565,
    86.5940594059406, 86.70297029702971, 86.57425742574257, 86.62376237623762,
    86.62376237623762, 86.70297029702971, 86.60396039603961, 86.6930693069307,
    86.81188118811882, 86.86138613861387, 86.89108910891089, 86.92079207920793,
    86.98019801980197, 86.9009900990099, 86.86138613861387, 86.95049504950495,
    86.91089108910892, 86.85148514851485, 87.10891089108911, 86.94059405940594,
    87.00990099009901, 87.06930693069307, 87.08910891089108, 87.01980198019803,
    86.91089108910892, 86.95049504950495, 87.03960396039604, 87.15841584158416
  ]
}
